comuna,mesa,sum(registrados),sum(votaron),sum(pro),sum(eco),sum(blanco),sum(impugnado),sum(nulo),sum(recurrido),sum(tecnico)
1,1,4058,2501,1087,1189,193,11,21,0,0
1,12,2381,1506,668,727,91,0,19,0,1
1,19,3409,2248,971,1092,161,0,24,0,0
1,29,1019,651,264,318,57,0,12,0,0
1,32,4889,2987,1144,1589,207,0,47,0,0
1,46,3137,1946,807,982,126,8,20,0,3
1,55,2096,1291,543,628,84,0,36,0,0
1,61,3878,2550,1827,651,68,0,4,0,0
1,73,4566,2204,846,1199,143,0,14,0,2
1,86,3158,1470,551,794,107,1,15,1,1
1,95,6952,4444,3419,910,102,1,10,0,2
1,115,7644,4760,3694,937,110,0,15,0,4
1,137,3426,2085,1504,514,57,0,9,1,0
1,142,5125,3219,2112,968,117,0,21,1,0
1,156,1379,910,624,253,28,0,4,0,1
1,160,2054,1296,843,399,49,0,4,0,1
1,166,5098,2890,1807,939,123,0,19,0,2
1,186,2033,1181,728,409,33,0,5,6,0
1,192,5243,2901,1742,1009,125,0,24,0,1
1,207,3134,1750,1037,630,76,0,7,0,0
1,216,3140,1706,980,610,98,1,16,1,0
1,225,3484,2175,1147,885,131,0,11,0,1
1,235,6237,3646,1962,1469,185,1,28,0,1
1,252,2788,1692,923,692,66,0,11,0,0
1,260,3448,2066,977,942,132,0,13,0,2
1,270,3455,1944,936,868,121,0,16,0,3
1,280,2752,1589,760,699,116,1,13,0,0
1,288,3091,1778,841,836,93,0,6,0,2
1,297,5158,3189,1512,1441,199,2,33,1,1
1,312,1376,812,420,333,51,0,8,0,0
1,316,3106,1918,940,844,116,0,18,0,0
1,325,2066,1244,591,569,75,0,9,0,0
1,331,2801,1789,795,857,110,0,23,0,4
1,339,2801,1796,810,862,100,0,22,2,0
1,347,2447,1568,732,736,76,0,21,0,3
1,354,3158,2013,960,920,115,0,16,1,1
1,363,1404,892,389,434,62,0,7,0,0
1,367,1733,1036,514,459,51,1,10,1,0
1,372,3763,2090,1082,879,108,3,18,0,0
1,382,3392,2024,850,1032,125,3,13,0,1
1,392,3390,2005,773,1068,127,0,35,0,2
1,402,2023,1188,480,607,79,1,19,0,2
1,408,3477,2165,978,1005,148,0,34,0,0
1,418,1739,1073,486,523,52,0,12,0,0
1,423,1733,1063,486,513,52,0,11,1,0
1,428,1387,848,390,407,45,0,6,0,0
1,432,4879,3144,1375,1543,181,3,42,0,0
1,446,3128,2014,870,984,135,2,23,0,0
1,455,1398,923,393,451,66,0,13,0,0
1,459,3099,1859,861,870,108,0,20,0,0
1,467,3469,2072,952,987,108,3,22,0,0
1,477,1727,1050,467,509,66,0,8,0,0
1,482,2419,1486,703,677,96,0,10,0,0
1,489,3459,2162,961,1058,121,0,22,0,0
1,499,3455,2116,1014,947,140,0,15,0,0
1,509,1380,852,418,370,55,0,9,0,0
1,513,1726,1077,503,493,70,2,8,0,1
1,518,1040,645,285,313,41,0,4,0,2
2,521,10645,6375,4485,1687,174,0,24,0,5
2,544,2398,1510,1176,292,36,0,5,0,1
2,551,7895,4973,3846,978,133,0,13,0,3
2,574,1371,850,651,180,17,0,2,0,0
2,585,4515,3012,1825,1075,96,0,15,0,1
2,598,3458,2350,1359,878,98,0,14,0,1
2,608,1383,936,546,347,34,0,8,0,1
2,612,4141,2827,1673,1025,107,1,19,0,2
2,624,2072,1413,794,544,63,0,12,0,0
2,630,1037,694,417,255,19,0,3,0,0
2,633,6269,4271,2510,1567,157,1,33,3,0
2,651,4527,3081,1830,1114,118,0,18,0,1
2,664,3477,2367,1401,865,91,2,8,0,0
2,674,1739,1223,752,413,52,0,6,0,0
2,679,4515,2996,1731,1141,104,1,16,0,3
2,692,5536,3740,2461,1139,126,1,13,0,0
2,709,4148,2806,1833,880,75,0,10,0,8
2,721,2411,1654,1080,523,47,0,3,1,0
2,728,1036,689,456,217,13,0,3,0,0
2,731,2061,1374,985,347,34,2,4,0,2
2,737,4114,2759,1954,711,76,0,17,0,1
2,749,6858,4561,3200,1198,132,2,21,0,8
2,769,2414,1594,1175,372,41,0,3,0,3
2,776,4142,2729,2016,626,82,1,3,1,0
2,788,1725,1101,809,261,28,1,2,0,0
2,793,3453,2196,1614,511,63,0,7,0,1
2,803,5509,3639,2634,901,90,0,13,0,1
2,819,3478,2268,1397,761,96,0,14,0,0
2,829,7223,4676,2737,1709,193,0,35,0,2
2,849,2769,1765,1010,683,67,0,5,0,0
2,857,4913,3261,1692,1393,154,0,20,1,1
2,871,3512,2343,1208,1022,100,0,13,0,0
2,881,4210,2781,1435,1187,142,2,15,0,0
2,893,5609,3697,1866,1642,163,0,25,1,0
2,909,6274,4184,2190,1781,182,1,29,1,0
2,927,4180,2892,1466,1276,129,0,21,0,0
2,939,1736,1140,562,526,36,1,15,0,0
3,944,3502,2208,1078,984,128,0,17,0,1
3,954,2462,1562,811,668,60,3,19,0,1
3,961,3121,1921,915,884,102,2,17,0,1
3,969,3122,1801,918,776,96,0,11,0,0
3,977,5551,3442,1709,1534,160,7,32,0,0
3,993,5536,3322,1644,1482,166,0,29,0,1
3,1009,2071,1254,618,582,48,0,5,0,1
3,1015,3420,2069,1017,915,117,2,18,0,0
3,1024,1379,867,412,383,56,0,16,0,0
3,1028,2060,1230,580,580,62,0,8,0,0
3,1034,1716,1068,494,503,62,0,8,0,1
3,1039,3437,2113,1010,953,128,0,19,0,3
3,1049,2788,1747,832,794,108,1,12,0,0
3,1057,4170,2528,1159,1202,144,2,19,0,2
3,1069,3129,1952,926,899,111,0,15,1,0
3,1078,2781,1737,791,828,105,5,5,0,3
3,1086,4842,2916,1273,1413,194,7,28,0,1
3,1099,2782,1729,758,850,101,4,12,0,4
3,1107,4857,2963,1384,1407,145,0,25,0,2
3,1121,3856,2561,1143,1245,154,0,19,0,0
3,1132,4549,2922,1321,1406,165,0,27,0,3
3,1145,4544,2894,1305,1377,187,0,22,0,3
3,1158,4423,2856,1165,1462,187,0,40,0,2
3,1171,4083,2651,1105,1348,172,0,24,1,1
3,1183,3749,2409,1027,1209,136,0,34,3,0
3,1194,2729,1782,822,846,88,0,22,0,4
3,1202,2389,1558,650,789,92,1,26,0,0
3,1209,1019,660,307,315,32,0,6,0,0
3,1212,1362,896,388,440,58,0,10,0,0
3,1216,3449,2225,1044,1044,110,1,23,0,3
3,1226,3101,2026,901,983,123,0,18,1,0
3,1235,3783,2429,1120,1134,145,0,26,3,1
3,1246,2412,1580,709,762,94,0,13,0,2
3,1253,3429,2256,1039,1053,137,0,27,0,0
3,1263,1369,917,427,423,60,0,7,0,0
3,1267,2392,1513,685,692,116,0,20,0,0
3,1274,1710,1100,482,520,84,0,14,0,0
3,1279,1369,881,405,426,43,0,7,0,0
3,1283,3415,2147,980,1006,127,0,33,1,0
3,1293,4184,3045,1367,1434,200,0,44,0,0
3,1305,4873,3544,1618,1688,195,5,33,1,4
3,1319,3111,2077,915,1031,108,0,19,1,3
3,1328,2764,1928,816,957,130,0,24,0,1
3,1336,2758,1931,875,910,124,0,22,0,0
3,1344,3113,2124,919,1046,124,2,31,0,2
3,1353,4502,3090,1342,1504,201,0,42,0,1
3,1366,1723,1149,535,531,62,2,19,0,0
3,1371,3805,2602,1201,1219,151,3,27,0,1
3,1382,2416,1634,719,782,111,0,17,0,5
3,1389,2760,1865,846,878,113,0,28,0,0
3,1397,3801,2522,1152,1172,161,1,35,0,1
3,1408,3462,2340,1057,1125,126,1,30,0,1
4,1418,4888,3421,1634,1538,213,5,31,0,0
4,1432,4889,3497,1636,1621,209,1,29,0,1
4,1446,2442,1709,765,816,108,1,13,3,3
4,1453,4063,2832,1251,1382,157,0,41,0,1
4,1464,1687,1079,471,534,55,0,19,0,0
4,1468,4048,2968,1312,1450,176,0,28,0,2
4,1480,3080,2114,1056,888,150,0,18,0,2
4,1489,1713,1209,593,527,75,0,12,0,2
4,1494,2058,1436,730,608,79,0,18,1,0
4,1500,2659,1853,838,903,97,2,12,0,1
4,1508,1997,1381,672,624,72,0,13,0,0
4,1514,1999,1228,564,572,79,1,12,0,0
4,1519,4537,2521,1105,1234,161,6,15,0,0
4,1532,4530,2673,1181,1297,182,0,11,0,2
4,1545,4520,2524,1053,1304,158,0,9,0,0
4,1558,3495,2235,1134,949,131,1,20,0,0
4,1568,2098,1363,676,604,73,0,10,0,0
4,1574,1391,909,437,412,53,0,6,1,0
4,1578,2104,1350,734,543,66,0,7,0,0
4,1584,2798,1782,940,725,97,3,17,0,0
4,1592,2443,1589,759,716,108,0,6,0,0
4,1599,2740,1868,901,843,89,0,34,0,1
4,1607,2388,1661,817,736,82,0,25,0,1
4,1614,2746,1920,912,888,103,1,16,0,0
4,1622,2734,1825,874,828,110,0,8,0,5
4,1630,1710,1160,611,480,59,1,9,0,0
4,1635,3811,2694,1432,1078,158,1,22,0,3
4,1646,3817,2754,1439,1132,151,0,31,0,1
4,1657,2069,1304,696,525,77,0,6,0,0
4,1662,4845,3411,1749,1454,173,2,31,0,2
4,1676,4089,2949,1574,1194,154,0,27,0,0
4,1688,6113,4432,2427,1758,201,0,42,1,3
4,1706,3828,2504,1173,1153,167,1,9,1,0
4,1717,2780,1749,850,797,92,0,10,0,0
4,1725,3820,2419,1160,1097,140,4,15,0,3
4,1736,1389,885,415,403,57,0,10,0,0
4,1740,2779,1784,833,824,111,0,16,0,0
4,1748,1377,907,443,422,37,0,1,3,1
4,1752,2773,1765,786,883,87,0,9,0,0
4,1760,2781,1799,861,803,118,0,17,0,0
4,1768,1729,1116,552,487,68,2,7,0,0
4,1773,3113,1943,909,888,133,0,13,0,0
4,1782,4541,3138,1492,1447,168,0,26,5,0
4,1795,3490,2422,1109,1132,156,0,25,0,0
4,1805,2436,1622,765,732,113,0,12,0,0
4,1812,3840,2602,1247,1185,154,0,15,1,0
4,1823,1733,1164,582,500,75,0,7,0,0
4,1828,2088,1452,717,638,83,0,12,2,0
4,1834,1738,1187,592,523,58,0,14,0,0
4,1839,2077,1421,686,635,69,0,31,0,0
4,1845,2076,1448,684,664,75,1,24,0,0
4,1851,2431,1658,779,762,87,1,28,1,0
4,1858,2083,1404,658,626,101,0,17,2,0
4,1864,1393,938,435,433,52,4,10,3,1
4,1868,3119,2014,957,922,115,0,20,0,0
4,1877,4181,2873,1357,1335,153,0,28,0,0
4,1889,3132,2204,993,1057,138,0,14,1,1
4,1898,1742,1219,539,594,71,1,13,0,1
4,1903,2785,1926,913,886,106,0,21,0,0
4,1911,2434,1702,773,795,111,0,18,0,5
4,1918,4498,3154,1550,1440,136,0,21,0,7
5,1931,2094,1509,677,742,78,2,9,0,1
5,1937,4192,3086,1303,1552,186,0,42,0,3
5,1949,3491,2524,1029,1300,162,0,28,0,5
5,1959,4449,3126,1358,1564,171,1,28,0,4
5,1971,2783,1983,807,1034,121,0,19,0,2
5,1979,2434,1750,734,885,111,0,20,0,0
5,1986,2778,1943,789,1011,115,0,28,0,0
5,1994,4863,3485,1421,1817,202,0,33,0,12
5,2008,3507,2556,1088,1284,165,0,18,0,1
5,2018,4194,3049,1329,1511,178,2,24,0,5
5,2030,2794,2009,865,1003,116,0,24,0,1
5,2038,2101,1518,621,777,97,0,23,0,0
5,2044,2799,2039,892,1015,111,1,20,0,0
5,2052,3812,2777,1227,1369,152,0,26,2,1
5,2063,2768,2032,869,1017,118,2,24,0,2
5,2071,1729,1226,536,605,71,1,13,0,0
5,2076,4759,3299,1520,1583,162,1,24,8,1
5,2089,7946,5572,2399,2783,333,0,56,0,1
5,2096,2772,1994,878,970,123,1,22,0,0
5,2104,3814,2718,1171,1350,174,3,18,1,1
5,2125,7618,5338,2380,2594,309,3,44,0,8
5,2147,1732,1175,501,593,70,0,11,0,0
5,2158,4509,3151,1385,1548,176,0,42,0,0
5,2171,4503,3099,1384,1502,191,0,22,0,0
5,2184,4869,3360,1432,1698,194,0,36,0,0
5,2198,2090,1466,621,742,92,0,11,0,0
5,2204,2439,1701,674,894,123,0,7,0,3
5,2211,6595,4461,1874,2291,250,2,43,0,1
5,2230,6501,4233,1768,2142,277,1,43,0,2
5,2248,5213,3598,1533,1809,219,6,29,1,1
5,2263,3456,2298,1014,1124,129,0,30,1,0
5,2273,1733,1210,519,612,72,0,7,0,0
5,2278,3449,2336,1014,1162,148,0,12,0,0
5,2288,5129,3616,1565,1832,188,1,28,1,1
5,2303,2732,1898,822,961,96,2,17,0,0
5,2311,2047,1420,603,712,94,0,10,0,1
5,2317,3423,2350,987,1212,128,0,22,0,1
5,2327,4493,3133,1297,1637,164,2,31,0,2
5,2340,3110,2223,904,1147,149,0,23,0,0
5,2349,3105,2216,892,1162,139,0,23,0,0
5,2358,3113,2183,907,1137,114,2,22,0,1
5,2367,1385,991,413,490,73,0,15,0,0
5,2371,2075,1443,583,755,85,1,19,0,0
5,2377,3440,2383,982,1233,148,0,19,1,0
6,2387,5606,4059,1737,2054,223,0,40,1,4
6,2403,4192,3039,1302,1576,142,1,17,1,0
6,2415,2441,1779,760,900,109,0,10,0,0
6,2422,2100,1516,651,784,71,1,8,1,0
6,2428,2104,1528,621,812,78,0,16,1,0
6,2434,2104,1557,620,831,95,0,11,0,0
6,2440,1399,999,430,498,61,0,10,0,0
6,2444,5159,3696,1845,1658,164,1,28,0,0
6,2458,3840,2844,1418,1276,133,0,16,0,1
6,2469,3838,2829,1403,1276,128,0,19,0,3
6,2480,3834,2773,1388,1240,116,0,25,1,3
6,2491,5585,4150,2015,1922,182,1,30,0,0
6,2507,5218,3758,1818,1717,191,0,32,0,0
6,2522,2084,1504,688,726,80,0,9,0,1
6,2528,8055,5869,2545,2928,334,0,60,0,2
6,2551,3154,2343,1017,1152,136,2,28,0,8
6,2560,8713,6478,3056,3028,340,0,48,0,6
6,2563,3157,2311,967,1190,132,1,17,0,4
6,2572,1399,1020,448,500,61,1,8,0,2
6,2576,2802,2036,909,990,113,6,15,1,2
6,2584,1400,1023,431,516,64,0,12,0,0
6,2588,4910,3559,1512,1797,222,0,27,0,1
6,2624,5232,3826,1778,1827,186,0,32,1,2
6,2639,4871,3471,1666,1609,178,1,17,0,0
6,2653,5569,4072,1963,1888,181,0,40,0,0
6,2669,3831,2809,1294,1333,154,0,24,0,4
6,2680,3813,2743,1298,1283,130,0,31,1,0
6,2691,3823,2792,1203,1395,164,0,30,0,0
6,2702,5534,4011,1592,2131,227,0,56,0,5
6,2718,2424,1787,752,924,90,0,19,1,1
6,2725,1729,1263,520,665,67,0,11,0,0
6,2730,3448,2578,1079,1322,152,0,20,3,2
6,2740,4125,3105,1281,1596,189,4,34,0,1
6,2752,4821,3505,1434,1810,210,0,48,0,3
6,2766,3104,2257,975,1126,131,0,24,0,1
6,2775,1721,1243,512,651,73,0,7,0,0
6,2780,5215,3844,1860,1769,185,0,30,0,0
6,2795,4860,3543,1772,1587,150,0,28,0,6
6,2809,3140,2302,1146,1044,96,0,13,2,1
6,2818,2359,1661,798,787,62,0,14,0,0
6,2824,5907,4325,2158,1961,171,0,33,0,2
6,2841,2433,1814,894,833,77,1,8,0,1
7,2848,4196,3069,1319,1542,170,0,35,1,2
7,2860,2789,2051,949,970,104,1,27,0,0
7,2868,3829,2843,1286,1372,161,0,21,3,0
7,2877,2077,1555,652,799,80,0,18,2,4
7,2883,4149,3103,1398,1519,158,2,22,0,4
7,2895,1727,1295,574,645,60,2,13,0,1
7,2900,5180,3860,1648,1970,205,0,34,0,3
7,2915,2762,2101,922,1049,105,0,24,0,1
7,2923,4117,2964,1258,1496,172,2,35,0,1
7,2935,2398,1713,709,866,120,0,17,0,1
7,2942,2058,1481,633,755,69,0,22,0,2
7,2948,2395,1733,748,862,109,0,14,0,0
7,2955,2399,1752,706,920,113,2,11,0,0
7,2962,3449,2486,1107,1202,149,3,24,0,1
7,2972,3113,2223,981,1097,124,0,21,0,0
7,2981,3450,2443,1057,1217,141,3,21,0,4
7,2993,7335,4699,2231,2207,221,0,37,2,1
7,3013,1402,775,349,376,41,0,9,0,0
7,3016,2448,1587,714,767,98,0,5,0,3
7,3023,4195,2711,1240,1312,137,5,14,3,0
7,3035,4203,3209,1476,1546,154,0,32,0,1
7,3047,3828,2824,1203,1434,164,0,22,0,1
7,3058,4881,3539,1601,1719,186,0,24,3,6
7,3072,3508,2291,1047,1112,118,0,12,0,2
7,3081,1401,1010,453,501,46,0,10,0,0
7,3085,4904,3536,1605,1726,176,1,26,0,2
7,3099,2793,1959,932,902,99,0,26,0,0
7,3107,4557,3161,1410,1576,144,2,22,0,7
7,3120,3503,2397,1062,1190,123,2,20,0,0
7,3130,3148,2208,1016,1065,108,1,18,0,0
7,3139,3496,2354,1049,1162,115,0,28,0,0
7,3149,4187,2966,1494,1348,104,0,20,0,0
7,3161,2440,1714,855,768,73,0,18,0,0
7,3168,4540,3300,1558,1546,148,1,45,1,1
7,3177,4188,2956,1479,1325,134,1,16,0,1
7,3189,5569,3955,1906,1829,181,0,36,1,2
7,3205,1738,1234,614,544,66,0,9,0,1
7,3210,3771,2804,1220,1394,156,6,26,0,2
7,3221,2402,1730,737,902,80,0,11,0,0
7,3228,3761,2714,1160,1381,146,0,27,0,0
7,3239,1722,1128,496,569,58,0,5,0,0
7,3243,2096,1572,674,803,74,0,21,0,0
7,3253,4545,3382,1523,1644,175,2,37,0,1
7,3266,5596,3488,1445,1763,247,1,32,0,0
7,3281,2795,1750,747,883,96,2,21,0,1
7,3289,4188,2682,1117,1370,168,1,26,0,0
7,3301,4548,2898,1255,1430,168,0,45,0,0
7,3314,3146,2042,859,1025,121,3,32,0,2
7,3323,3486,2139,889,1076,145,5,18,6,0
7,3333,4184,2665,1107,1347,165,0,43,1,2
8,3345,2449,1582,737,741,88,1,10,0,5
8,3352,3140,2091,1004,946,118,4,18,0,1
8,3361,3494,2237,994,1079,150,0,13,1,0
8,3371,2438,1593,780,711,86,0,16,0,0
8,3378,3497,2279,1081,1059,127,0,11,0,1
8,3388,3496,2237,998,1084,126,0,24,0,5
8,3398,3495,2311,1000,1116,168,0,27,0,0
8,3408,3492,2249,1045,1054,125,2,18,0,5
8,3418,4167,2591,1131,1269,155,1,34,0,1
8,3429,3139,2176,1081,980,106,0,9,0,0
8,3437,4192,3062,1545,1338,155,0,22,0,2
8,3449,4890,3316,1638,1468,176,3,29,0,2
8,3456,5934,3989,1960,1788,198,6,36,0,1
8,3465,3469,2435,1174,1113,123,4,18,0,3
8,3474,4549,3124,1409,1547,146,0,22,0,0
8,3501,4547,3183,1532,1456,157,8,27,1,2
8,3514,4556,3110,1498,1427,150,5,24,3,3
8,3527,5585,3768,1787,1750,206,0,24,1,0
8,3542,3851,2663,1272,1219,135,0,36,0,1
8,3553,3491,2398,1137,1108,129,0,21,0,3
8,3563,4546,3175,1539,1461,141,0,30,2,2
8,3576,3492,2394,1113,1118,133,2,28,0,0
8,3586,4187,2885,1407,1277,173,0,28,0,0
8,3598,3474,2260,1024,1095,109,0,30,0,2
8,3607,5954,3969,1825,1886,215,0,35,0,8
8,3624,4913,3325,1467,1633,188,1,34,1,1
8,3638,2448,1688,762,820,91,0,13,0,2
8,3645,3156,2117,928,1040,109,19,21,0,0
8,3654,4908,3339,1572,1548,181,0,33,0,5
8,3668,4561,3075,1377,1491,171,0,35,0,1
8,3681,3498,2366,1090,1120,141,1,14,0,0
8,3691,3503,2327,1051,1111,142,0,19,3,1
8,3701,5931,4027,1873,1905,203,1,43,0,2
8,3718,3150,2135,977,1005,130,0,22,0,1
8,3727,2790,1825,810,890,97,4,23,0,1
9,3735,2457,1578,669,780,105,0,24,0,0
9,3742,3144,2152,903,1122,107,0,19,0,1
9,3751,2795,1774,754,904,95,0,13,0,8
9,3759,3808,2739,1187,1332,176,0,44,0,0
9,3770,2420,1747,769,863,100,0,15,0,0
9,3777,2411,1744,716,904,97,0,27,0,0
9,3784,4828,3458,1512,1704,195,4,37,3,3
9,3798,2426,1791,747,917,103,0,22,0,2
9,3805,5878,4350,1862,2204,225,5,54,0,0
9,3822,4441,3212,1329,1685,168,0,30,0,0
9,3835,3070,2241,934,1158,124,0,23,2,0
9,3844,2051,1457,599,753,94,0,11,0,0
9,3850,1366,993,423,504,52,0,14,0,0
9,3854,5227,3782,1618,1929,202,0,33,0,0
9,3869,3483,2544,1137,1275,107,2,23,0,0
9,3879,2434,1776,764,902,100,0,10,0,0
9,3886,2793,2060,914,1006,117,0,23,0,0
9,3894,3118,2275,1002,1131,112,0,29,0,1
9,3898,1737,1248,535,643,64,0,6,0,0
9,3908,2410,1749,722,921,85,0,20,1,0
9,3915,2070,1472,685,690,79,6,12,0,0
9,3921,2414,1756,734,914,90,0,18,0,0
9,3928,3095,2240,997,1107,107,2,27,0,0
9,3937,3106,2218,1000,1057,140,0,21,0,0
9,3946,3449,2483,1102,1212,145,3,20,0,1
9,3956,1377,980,467,435,66,0,12,0,0
9,3960,3792,2742,1215,1375,128,2,21,0,1
9,3965,2761,1903,892,900,88,0,22,1,0
9,3973,3464,2547,1158,1239,131,3,16,0,0
9,3989,3449,2567,1205,1207,125,1,7,2,20
9,3999,5869,4306,1935,2123,213,7,24,0,4
9,4016,1728,1271,566,641,59,0,5,0,0
9,4021,5872,3950,1823,1888,207,2,30,0,0
9,4036,3093,2331,1078,1129,109,0,15,0,0
9,4045,2742,2050,920,994,115,0,17,0,4
9,4053,2394,1788,861,827,89,0,9,0,2
9,4060,2743,2070,970,994,87,0,19,0,0
9,4068,2107,1573,698,794,70,0,11,0,0
9,4074,2093,1604,740,763,88,0,13,0,0
9,4080,1744,1335,564,677,81,4,9,0,0
9,4085,2795,2102,911,1072,109,0,10,0,0
9,4093,2790,2111,921,1062,109,0,19,0,0
9,4101,2099,1578,698,777,88,0,15,0,0
9,4107,2411,1673,769,800,91,0,13,0,0
9,4114,2409,1669,756,803,95,0,13,0,2
9,4121,2410,1711,785,826,85,0,15,0,0
9,4128,1719,1184,515,585,73,0,11,0,0
9,4133,1716,1212,545,590,67,0,10,0,0
9,4138,3448,2316,1011,1162,123,1,18,0,1
9,4147,2064,1461,655,712,77,0,17,0,0
9,4153,1716,1210,535,590,71,2,10,0,2
10,4158,3804,2875,1380,1339,125,0,30,0,1
10,4169,3427,2427,1089,1183,129,0,25,0,1
10,4178,2066,1568,716,769,65,0,18,0,0
10,4184,2061,1560,740,727,79,0,11,0,3
10,4190,2067,1540,707,751,71,0,11,0,0
10,4196,3485,2657,1292,1187,144,0,33,0,1
10,4206,5551,4108,1996,1894,181,0,36,0,1
10,4222,3819,2788,1281,1330,142,0,34,0,1
10,4233,2781,2089,917,1036,108,0,28,0,0
10,4241,3823,2819,1220,1442,134,3,19,1,0
10,4252,2084,1564,680,795,79,0,10,0,0
10,4258,2427,1802,776,906,106,1,13,0,0
10,4265,1041,764,318,395,46,0,5,0,0
10,4268,3500,2640,1174,1285,155,0,22,3,1
10,4278,3154,2337,1012,1205,103,0,16,0,1
10,4287,2447,1836,779,957,87,0,13,0,0
10,4294,2451,1826,805,918,85,0,15,1,2
10,4301,3851,2913,1264,1471,157,1,20,0,0
10,4312,1051,796,351,391,43,0,11,0,0
10,4315,2102,1571,714,744,98,0,15,0,0
10,4321,4094,3048,1313,1552,141,3,35,0,4
10,4333,2046,1547,646,801,77,0,18,5,0
10,4339,3070,2295,1021,1142,104,0,27,0,1
10,4348,2039,1495,619,768,88,0,20,0,0
10,4354,2428,1842,769,954,97,0,18,0,4
10,4361,2077,1520,677,756,73,2,12,0,0
10,4367,2429,1824,746,966,103,1,7,1,0
10,4374,2080,1507,645,755,95,0,12,0,0
10,4380,1735,1294,548,674,60,0,12,0,0
10,4385,1388,1033,444,531,47,0,11,0,0
10,4389,1387,1030,460,511,53,2,4,0,0
10,4393,5203,3796,1628,1951,178,2,34,0,3
10,4408,2449,1847,780,944,102,0,20,0,1
10,4415,2441,1828,813,912,85,0,18,0,0
10,4422,3146,2297,974,1200,106,0,17,0,0
10,4431,1393,1029,389,588,42,1,8,0,1
10,4435,2449,1831,743,968,108,1,9,0,2
10,4442,3846,2811,1250,1376,145,0,39,0,1
10,4453,3849,2766,1157,1439,137,0,31,1,1
10,4464,3853,2780,1266,1348,143,0,20,0,3
10,4475,3502,2572,1124,1280,150,0,17,1,0
10,4485,2449,1721,729,888,85,0,19,0,0
10,4492,1746,1237,509,648,66,0,14,0,0
10,4497,3733,2767,1143,1406,182,0,36,0,0
10,4508,2381,1757,715,941,73,0,28,0,0
10,4515,1016,761,290,425,45,0,1,0,0
10,4518,1692,1254,484,684,74,1,11,0,0
10,4523,1358,967,382,512,68,0,5,0,0
10,4527,2094,1475,667,693,86,4,23,2,0
10,4533,2098,1456,621,743,73,0,19,0,0
10,4539,3817,2490,1087,1238,134,0,31,0,0
10,4549,4531,3151,1358,1595,177,2,19,0,0
10,4562,1707,1200,486,638,63,0,8,5,0
10,4567,3401,2414,1008,1254,129,3,20,0,0
10,4577,3403,2371,984,1230,133,1,23,0,0
11,4587,4150,3095,1330,1573,162,3,27,0,0
11,4599,2411,1750,745,882,96,1,26,0,0
11,4606,2430,1841,828,905,97,1,9,1,0
11,4610,1379,1028,405,556,57,0,7,0,3
11,4614,3448,2539,1092,1291,124,1,30,1,0
11,4624,4135,3049,1300,1567,156,2,22,1,1
11,4636,2408,1779,738,918,103,0,19,0,1
11,4643,1037,757,306,384,53,0,11,0,3
11,4646,2061,1458,622,747,77,0,9,3,0
11,4652,4140,3084,1284,1581,180,6,33,0,0
11,4664,2754,1994,839,1032,97,0,25,0,1
11,4672,4111,2969,1243,1521,169,0,35,0,1
11,4684,1614,1058,447,543,56,0,12,0,0
11,4688,4449,3211,1308,1684,178,0,40,0,1
11,4701,2387,1738,661,934,121,0,22,0,0
11,4708,3142,2313,996,1172,124,0,18,0,3
11,4717,2442,1789,747,912,106,0,24,0,0
11,4724,2092,1518,607,796,97,0,18,0,0
11,4730,2093,1495,629,787,69,2,8,0,0
11,4736,3498,2593,1038,1371,152,0,32,0,0
11,4746,4187,3012,1252,1571,159,0,28,1,1
11,4758,3858,2790,1249,1349,167,4,21,0,0
11,4769,2452,1872,836,926,86,0,24,0,0
11,4776,2446,1797,754,935,91,0,17,0,0
11,4783,1400,1015,402,548,52,0,13,0,0
11,4787,1753,1322,553,699,62,0,8,0,0
11,4792,3142,2333,1001,1198,121,0,13,0,0
11,4801,3143,2343,1070,1131,112,0,30,0,0
11,4810,2422,1801,826,887,70,1,16,1,0
11,4817,4046,2907,1315,1417,149,0,25,0,1
11,4828,1728,1302,598,645,45,0,10,0,4
11,4833,2071,1561,787,699,60,0,15,0,0
11,4839,1728,1327,629,619,58,1,20,0,0
11,4844,2413,1762,821,838,84,0,19,0,0
11,4851,4182,3203,1473,1545,155,0,27,3,0
11,4863,3835,2868,1306,1402,131,0,28,0,1
11,4874,1390,1019,484,478,47,0,10,0,0
11,4878,2781,2092,956,1032,89,0,15,0,0
11,4889,3132,2320,1042,1152,105,9,12,0,0
11,4898,2777,2051,934,997,99,1,20,0,0
11,4900,1043,760,313,402,40,0,4,0,1
11,4903,2785,2092,1014,976,81,0,19,2,0
11,4911,2088,1502,709,722,58,0,13,0,0
11,4913,3467,2615,1254,1237,109,0,14,0,1
11,4929,3117,2303,1096,1087,106,0,13,0,1
11,4938,2423,1816,894,824,75,0,23,0,0
11,4945,1734,1299,624,596,64,0,15,0,0
11,4950,2766,2051,1018,928,89,0,16,0,0
11,4958,4193,3074,1481,1404,159,0,30,0,0
11,4970,3846,2871,1423,1290,138,0,18,0,2
11,4981,2443,1848,929,816,86,5,9,0,3
11,4988,1752,1307,633,602,68,0,4,0,0
11,4997,1743,1327,668,591,51,1,13,0,3
11,5002,3114,2283,1270,928,66,3,16,0,0
11,5011,3106,2314,1260,958,81,0,15,0,0
11,5020,3456,2548,1406,1013,103,0,24,2,0
11,5030,4147,2988,1643,1202,125,1,16,0,1
11,5042,2053,1509,717,710,67,0,15,0,0
11,5048,3092,2289,1109,1047,122,0,11,0,0
11,5057,2067,1498,686,733,58,0,19,0,2
11,5063,1715,1287,615,590,63,0,16,2,1
11,5068,2061,1558,732,746,65,0,15,0,0
11,5074,1029,801,371,386,37,0,7,0,0
11,5077,2055,1542,726,752,56,3,4,0,1
12,5083,2063,1537,711,724,83,0,18,0,1
12,5089,2066,1543,723,722,87,1,10,0,0
12,5095,5864,4361,2080,2004,227,1,45,1,3
12,5108,3081,2297,1075,1083,108,3,27,0,1
12,5117,2413,1818,830,863,103,0,21,0,1
12,5121,3432,2606,1211,1229,146,0,18,1,1
12,5131,2774,2152,1029,990,106,2,23,0,2
12,5139,3111,2381,1171,1078,110,5,11,0,6
12,5148,2773,2126,1023,999,99,1,3,1,0
12,5159,4154,3143,1456,1484,170,1,31,0,1
12,5171,2421,1866,913,825,106,1,20,0,1
12,5178,2081,1597,811,698,72,1,15,0,0
12,5180,3797,2832,1303,1362,137,0,28,0,2
12,5191,2783,2112,1034,961,104,0,13,0,0
12,5199,3126,2340,1132,1076,102,0,29,0,1
12,5208,2438,1808,851,860,88,0,9,0,0
12,5215,2436,1795,837,835,102,2,18,0,1
12,5222,3825,2933,1347,1416,150,0,19,1,0
12,5237,4728,3476,1643,1626,182,4,21,0,0
12,5242,2084,1549,832,636,67,0,14,0,0
12,5248,2787,2085,1077,886,107,2,13,0,0
12,5256,2083,1612,842,705,57,0,8,0,0
12,5262,2430,1827,944,797,76,0,10,0,0
12,5269,2771,2083,1083,891,88,1,20,0,0
12,5277,2773,2046,1103,829,99,5,9,0,1
12,5285,2080,1553,782,693,60,0,18,0,0
12,5295,2429,1825,975,769,72,0,8,0,1
12,5302,1386,1027,520,441,55,0,9,0,2
12,5306,1045,782,440,309,29,0,4,0,0
12,5309,3139,2396,1165,1100,120,0,11,0,0
12,5318,2441,1870,947,826,75,4,17,0,1
12,5325,3477,2654,1268,1231,133,0,20,0,2
12,5335,4099,3048,1432,1438,153,2,18,1,4
12,5342,1740,1304,603,614,76,1,10,0,0
12,5347,4185,3110,1472,1460,149,0,28,0,1
12,5359,1394,1046,509,478,52,0,6,0,1
12,5363,3475,2500,1217,1107,156,0,20,0,0
12,5373,5233,3862,1919,1713,197,1,30,0,2
12,5388,2092,1539,783,679,65,0,9,0,3
12,5394,2090,1544,783,670,74,4,13,0,0
12,5400,2095,1529,787,652,76,1,13,0,0
12,5406,2437,1804,911,777,99,0,17,0,0
12,5413,1392,1006,497,450,44,0,15,0,0
12,5417,1742,1279,650,548,69,1,10,0,1
12,5422,1743,1276,620,591,53,1,11,0,0
12,5427,2433,1750,875,765,96,0,14,0,0
12,5434,4529,3299,1672,1433,163,4,25,1,1
12,5447,3474,2573,1245,1175,125,3,23,0,2
12,5457,5556,4090,2009,1838,199,0,43,0,1
12,5473,4168,3045,1541,1291,192,0,20,0,1
12,5499,1362,877,413,413,43,0,8,0,0
12,5502,5180,3802,1818,1762,196,3,22,0,1
12,5517,4487,3263,1575,1493,166,1,28,0,0
12,5530,3435,2499,1191,1162,125,0,19,2,0
12,5540,1721,1259,611,581,59,0,8,0,0
12,5545,1727,1260,587,595,65,0,12,0,1
12,5550,2411,1762,865,801,89,2,5,0,0
12,5557,3459,2595,1279,1177,116,0,23,0,0
12,5561,4174,3057,1565,1312,152,2,25,1,0
12,5579,2783,2096,1039,933,99,0,25,0,0
12,5587,1394,1058,492,507,47,0,12,0,0
12,5591,2086,1576,844,654,65,0,13,0,0
12,5597,2780,1992,1005,867,99,3,18,0,0
12,5605,2084,1557,778,694,68,0,17,0,0
12,5611,2781,2053,1009,936,91,0,16,0,1
13,5619,1038,722,398,286,34,0,3,0,1
13,5622,7900,5425,2919,2212,258,0,35,0,1
13,5644,3076,2206,1225,880,80,0,20,0,1
13,5653,2734,1979,1065,821,74,0,11,0,8
13,5661,2049,1531,834,627,60,2,7,0,1
13,5667,3412,2504,1363,1020,107,4,10,0,0
13,5677,6210,4526,2299,1951,250,0,25,1,0
13,5695,4821,3430,1819,1415,161,4,30,1,0
13,5709,2755,1999,1039,850,93,0,15,0,2
13,5717,1032,729,389,292,45,0,2,0,1
13,5720,6667,4874,2541,2072,220,0,38,0,3
13,5739,4899,3548,1853,1506,162,4,22,0,1
13,5753,2092,1514,795,636,73,0,10,0,0
13,5759,6261,4497,2579,1747,150,0,19,1,1
13,5777,5557,4001,2279,1559,141,0,21,0,1
13,5793,4168,2959,1683,1174,84,0,18,0,0
13,5805,3477,2493,1412,953,112,0,16,0,0
13,5815,1391,1006,558,406,31,0,11,0,0
13,5819,1736,1224,695,475,48,0,6,0,0
13,5824,3471,2431,1396,926,96,2,11,0,0
13,5834,2774,1986,1098,799,83,0,6,0,0
13,5842,4872,3433,2046,1233,126,0,28,0,0
13,5856,4519,3195,1898,1168,112,0,17,0,0
13,5869,9034,6313,3735,2329,213,0,31,0,5
13,5895,2108,1458,795,595,61,1,6,0,0
13,5901,4203,2899,1556,1215,106,1,20,0,1
13,5913,2101,1478,795,595,68,3,11,0,6
13,5919,5168,3545,2052,1303,164,0,19,1,6
13,5934,2409,1594,920,593,70,0,10,1,0
13,5941,4473,3079,1799,1169,106,0,5,0,0
13,5954,2412,1668,1005,592,64,0,4,0,3
13,5961,6580,4518,3205,1171,119,0,22,0,1
13,5980,4154,2784,1977,725,77,1,4,0,0
13,5992,4840,3255,2252,897,99,0,6,0,1
13,6006,3117,2109,1524,529,46,0,8,0,2
13,6015,1042,731,491,216,19,0,5,0,0
13,6018,5203,3493,2499,885,94,0,11,0,4
13,6033,5554,3945,2281,1485,160,1,18,0,0
13,6049,2079,1440,836,534,63,0,7,0,0
13,6055,3816,2607,1535,962,99,0,10,0,1
13,6066,2423,1695,962,662,57,0,14,0,0
13,6073,2071,1494,902,542,43,0,6,0,1
13,6079,2419,1723,986,670,59,0,7,0,1
13,6086,2399,1650,1074,515,45,0,14,0,2
13,6093,1025,727,430,257,30,0,10,0,0
13,6096,2734,1873,1216,575,68,0,14,0,0
13,6104,2051,1379,864,456,47,0,11,0,1
13,6110,2781,2013,1013,877,100,0,22,0,1
13,6118,3474,2558,1255,1154,121,0,27,0,1
13,6128,2429,1740,842,798,87,0,13,0,0
13,6135,2083,1524,717,717,84,0,6,0,0
13,6141,4509,3278,1456,1617,182,1,22,0,0
13,6154,5101,3524,1600,1710,185,0,28,1,0
13,6168,4116,2942,1279,1499,132,0,32,0,0
13,6180,2742,1984,908,964,100,2,8,0,2
13,6188,1736,1255,705,494,46,0,9,1,0
13,6193,3480,2462,1418,944,84,0,16,0,0
13,6203,3839,2744,1596,1016,117,2,12,0,1
13,6214,4182,2914,1685,1109,106,1,13,0,0
13,6226,3478,2446,1403,950,78,0,15,0,0
13,6236,4171,2810,1623,1038,121,2,22,0,4
14,6248,5211,3588,2184,1268,120,0,15,0,1
14,6263,2775,1957,1225,657,59,0,14,0,2
14,6271,3119,2157,1294,771,82,0,10,0,0
14,6280,3120,2131,1337,710,76,0,7,0,1
14,6289,2083,1442,930,447,54,2,8,0,1
14,6295,2777,1954,1165,690,77,0,22,0,0
14,6303,3461,2440,1510,834,86,0,10,0,0
14,6313,1752,1179,738,403,35,0,2,1,0
14,6318,4887,3332,2130,1081,108,1,9,1,2
14,6332,5935,4049,2604,1300,126,0,16,0,3
14,6349,2096,1455,923,479,43,0,10,0,0
14,6355,6283,4307,2747,1425,124,0,7,3,1
14,6373,4190,2776,1826,857,86,0,7,0,0
14,6385,4176,2751,2121,569,55,0,6,0,0
14,6397,6964,4386,3324,965,87,0,7,0,3
14,6417,2089,1390,1053,307,29,0,0,1,0
14,6423,2438,1639,1039,544,48,0,7,0,1
14,6430,1737,1222,857,337,24,0,4,0,0
14,6435,4865,3252,2107,1030,104,0,10,0,1
14,6449,4858,3172,2055,1010,87,0,18,0,2
14,6463,3114,2055,1367,608,70,0,9,0,1
14,6472,2418,1670,1126,487,52,0,5,0,0
14,6479,5195,3474,2204,1143,105,0,22,0,0
14,6494,1387,912,607,271,26,0,8,0,0
14,6498,5845,3822,2353,1321,126,5,17,0,0
14,6514,3442,2284,1366,817,81,0,19,1,0
14,6524,4813,3212,1952,1143,98,0,17,0,2
14,6538,4484,3010,1887,1008,105,0,10,0,0
14,6551,2410,1633,976,584,61,1,8,1,2
14,6558,7318,5055,2577,2155,267,1,53,0,2
14,6579,7315,5011,2492,2276,212,2,29,0,0
14,6600,4530,3118,1528,1417,150,2,21,0,0
14,6613,1039,732,360,337,34,0,1,0,0
14,6616,4520,3091,1510,1419,143,2,15,0,2
14,6629,5233,3577,1681,1706,161,0,29,0,0
14,6644,3138,2084,984,963,115,0,20,0,2
14,6653,4873,3348,1654,1525,145,0,23,0,1
14,6667,1745,1175,568,553,44,0,10,0,0
14,6672,2450,1665,795,784,79,1,6,0,0
14,6679,5574,3770,1772,1788,182,0,28,0,0
14,6695,2787,1834,869,868,80,0,16,0,1
14,6703,1739,1166,566,507,75,0,18,0,0
14,6708,4184,2884,1379,1326,145,1,33,0,0
14,6720,2441,1723,848,765,90,4,13,0,3
14,6727,3133,2151,1017,1002,108,0,24,0,0
14,6736,4865,3375,1650,1530,166,4,22,0,3
14,6750,2785,1904,948,836,96,0,22,1,1
14,6758,2084,1413,689,636,73,0,15,0,0
14,6764,4173,2912,1355,1366,165,0,24,1,1
14,6776,3405,2373,1000,1202,147,2,22,0,0
14,6786,3401,2298,1008,1126,129,0,29,3,3
14,6796,2041,1387,579,701,92,0,14,1,0
14,6802,2018,1241,521,630,74,0,16,0,0
14,6807,4519,3162,1386,1579,162,2,33,0,0
14,6820,3123,2120,886,1078,128,0,25,2,1
14,6829,3468,2390,998,1230,134,0,28,0,0
14,6839,3122,2200,931,1142,103,0,24,0,0
14,6848,2080,1437,571,759,87,0,18,0,2
15,6854,6945,4837,2032,2477,253,2,63,1,9
15,6874,3819,2627,1041,1396,165,0,23,2,0
15,6885,4506,3163,1291,1650,195,3,23,0,1
15,6898,4851,3349,1407,1738,158,4,42,0,0
15,6912,4490,3159,1301,1678,155,0,25,0,0
15,6925,1031,715,281,384,43,0,7,0,0
15,6928,2765,1907,787,987,110,0,23,0,0
15,6936,2765,1951,832,973,127,1,17,0,1
15,6944,1034,698,297,352,43,0,6,0,0
15,6947,4856,3502,1506,1783,186,3,24,0,0
15,6961,2763,1955,859,975,101,3,17,0,0
15,6969,2417,1623,692,813,98,2,18,0,0
15,6976,1719,1121,465,581,62,0,13,0,0
15,6981,4483,3208,1423,1581,178,0,26,0,0
15,6994,2070,1450,631,698,106,0,15,0,0
15,7000,2416,1653,699,847,89,2,14,0,2
15,7007,1728,1188,516,606,53,0,13,0,0
15,7012,3127,2115,879,1085,126,4,21,0,0
15,7021,6264,4501,1810,2325,288,5,67,2,4
15,7039,2438,1643,688,834,106,0,15,0,0
15,7046,5566,3981,1637,2076,225,0,39,2,2
15,7062,1730,1176,497,617,55,0,6,0,1
15,7067,2431,1658,667,872,101,3,13,0,2
15,7074,3491,2399,982,1246,145,2,24,0,0
15,7084,2792,1890,725,1022,120,1,22,0,0
15,7092,2439,1648,675,840,108,1,22,0,2
15,7099,2781,1968,804,1010,137,0,12,0,5
15,7107,3453,2386,992,1217,143,4,29,0,1
15,7112,3829,2614,1123,1312,146,0,31,2,0
15,7123,2064,1454,586,741,108,0,19,0,0
15,7129,5474,3744,1483,1983,233,0,43,0,2
15,7145,1714,1168,486,578,72,0,30,1,1
15,7150,3085,2136,859,1121,131,0,25,0,0
15,7159,2399,1644,660,839,114,0,29,0,2
15,7166,2344,1551,685,732,107,0,27,0,0
15,7172,4466,3034,1254,1526,201,0,53,0,0
15,7190,4529,3221,1525,1484,180,0,30,1,1
15,7203,3146,2285,1051,1095,118,0,21,0,0
15,7212,2802,2006,936,952,101,0,17,0,0
15,7220,2450,1741,828,806,93,0,14,0,0
15,7227,2096,1515,654,767,82,0,12,0,0
15,7233,2791,2049,929,974,119,0,27,0,0
15,7241,1397,1008,454,492,52,0,10,0,0
15,7245,1399,993,458,478,49,0,8,0,0
15,7249,2417,1757,750,893,94,2,18,0,0
15,7256,2411,1764,779,874,93,0,16,0,2
15,7263,3450,2592,1055,1377,140,0,20,0,0
15,7273,3800,2783,1106,1483,157,0,37,0,0
15,7284,4138,3074,1233,1632,181,3,24,0,1
15,7296,2416,1789,805,880,88,0,15,0,1
15,7303,3109,2365,1084,1146,112,0,20,0,3
15,7312,3108,2351,1140,1088,100,0,23,0,0
15,7321,2706,1940,860,960,96,0,24,0,0
15,7328,1728,1285,589,621,62,3,9,0,1
